source,target,relation,student_group
ref_alicante,contrib_modelo_docente_ben_52_01,student_connection,Modelo docente
ref_alicante,contrib_modelo_docente_ben_52_02,student_connection,Modelo docente
ref_alicante,contrib_modelo_docente_ben_52_03,student_connection,Modelo docente
ref_alicante,contrib_modelo_docente_ben_52_04,student_connection,Modelo docente
ref_alicante,contrib_modelo_docente_ben_52_05,student_connection,Modelo docente
ref_montevideo,contrib_modelo_docente_ben_17_01,student_connection,Modelo docente
ref_montevideo,contrib_modelo_docente_ben_17_02,student_connection,Modelo docente
ref_montevideo,contrib_modelo_docente_ben_17_03,student_connection,Modelo docente
ref_montevideo,contrib_modelo_docente_ben_17_04,student_connection,Modelo docente
ref_montevideo,contrib_modelo_docente_ben_17_05,student_connection,Modelo docente
ref_ensenanza_escolar_de_la_historia_nacional,contrib_modelo_docente_ben_1_01,student_connection,Modelo docente
ref_ensenanza_escolar_de_la_historia_nacional,contrib_modelo_docente_ben_1_02,student_connection,Modelo docente
ref_ensenanza_escolar_de_la_historia_nacional,contrib_modelo_docente_ben_1_03,student_connection,Modelo docente
ref_ensenanza_escolar_de_la_historia_nacional,contrib_modelo_docente_ben_1_04,student_connection,Modelo docente
ref_ensenanza_escolar_de_la_historia_nacional,contrib_modelo_docente_ben_1_05,student_connection,Modelo docente
ref_poema_iniciado_vuelvo_quiero_creer_que_estoy_volviendo,contrib_modelo_docente_ben_51_01,student_connection,Modelo docente
ref_poema_iniciado_vuelvo_quiero_creer_que_estoy_volviendo,contrib_modelo_docente_ben_51_02,student_connection,Modelo docente
ref_poema_iniciado_vuelvo_quiero_creer_que_estoy_volviendo,contrib_modelo_docente_ben_51_03,student_connection,Modelo docente
ref_poema_iniciado_vuelvo_quiero_creer_que_estoy_volviendo,contrib_modelo_docente_ben_51_04,student_connection,Modelo docente
ref_poema_iniciado_vuelvo_quiero_creer_que_estoy_volviendo,contrib_modelo_docente_ben_51_05,student_connection,Modelo docente
